zpid,id,rawHomeStatusCd,marketingStatusSimplifiedCd,imgSrc,hasImage,detailUrl,statusType,statusText,countryCurrency,price,unformattedPrice,address,addressStreet,addressCity,addressState,addressZipcode,isUndisclosedAddress,beds,baths,area,latLong,isZillowOwned,flexFieldText,flexFieldType,hdpData,isSaved,isUserClaimingOwner,isUserConfirmedClaim,pgapt,sgapt,shouldShowZestimateAsPrice,has3DModel,hasVideo,isHomeRec,hasAdditionalAttributions,isFeaturedListing,isShowcaseListing,list,relaxed,info2String,brokerName,carouselPhotos
190876119,190876119,ForSale,For Sale by Agent,https://photos.zillowstatic.com/fp/2c43e8895564e3dcbedf899ac5e42e0e-p_e.jpg,true,https://www.zillow.com/homedetails/6612-Thistledown-Cir-NE-Canton-OH-44721/190876119_zpid/,FOR_SALE,House for sale,$,"$349,900",349900,"6612 Thistledown Cir NE, Canton, OH 44721",6612 Thistledown Cir NE,Canton,OH,44721,false,4,3,1986,[object Object],false,1 day on Zillow,daysOnZillow,[object Object],false,false,false,ForSale,For Sale (Broker),false,false,false,false,true,false,false,true,false,Listing provided by MLS Now,Keller Williams Legacy Group Realty,"[object Object],[object Object],[object Object],[object Object],[object Object],[object Object],[object Object],[object Object],[object Object],[object Object],[object Object],[object Object],[object Object],[object Object],[object Object],[object Object],[object Object],[object Object],[object Object],[object Object],[object Object],[object Object],[object Object],[object Object],[object Object],[object Object],[object Object],[object Object],[object Object],[object Object],[object Object],[object Object],[object Object],[object Object],[object Object],[object Object],[object Object],[object Object],[object Object],[object Object],[object Object],[object Object],[object Object],[object Object],[object Object],[object Object],[object Object]"
35272041,35272041,ForSale,For Sale by Agent,https://photos.zillowstatic.com/fp/3ba674856d3de15b003b74d47f6f90be-p_e.jpg,true,https://www.zillow.com/homedetails/5235-Nave-St-SW-Canton-OH-44706/35272041_zpid/,FOR_SALE,House for sale,$,"$229,900",229900,"5235 Nave St SW, Canton, OH 44706",5235 Nave St SW,Canton,OH,44706,false,4,2,1703,[object Object],false,"Price cut: $10,000 (Jul 24)",priceCut,[object Object],false,false,false,ForSale,For Sale (Broker),false,false,false,false,true,false,false,true,false,,Howard Hanna,"[object Object],[object Object],[object Object],[object Object],[object Object],[object Object],[object Object],[object Object],[object Object],[object Object],[object Object],[object Object],[object Object],[object Object],[object Object],[object Object],[object Object],[object Object],[object Object],[object Object],[object Object],[object Object],[object Object],[object Object],[object Object],[object Object],[object Object],[object Object],[object Object],[object Object],[object Object],[object Object],[object Object],[object Object],[object Object],[object Object],[object Object],[object Object],[object Object],[object Object],[object Object],[object Object],[object Object],[object Object],[object Object],[object Object],[object Object]"
35240697,35240697,ForSale,For Sale by Agent,https://photos.zillowstatic.com/fp/bae69d7152d7f2f9f791b7a42c7c5590-p_e.jpg,true,https://www.zillow.com/homedetails/4845-Earlscourt-Cir-NW-Canton-OH-44718/35240697_zpid/,FOR_SALE,House for sale,$,"$624,900",624900,"4845 Earlscourt Cir NW, Canton, OH 44718",4845 Earlscourt Cir NW,Canton,OH,44718,false,5,5,4790,[object Object],false,22 hours ago,timeOnInfo,[object Object],false,false,false,ForSale,For Sale (Broker),false,true,false,false,true,false,false,true,false,Listing provided by MLS Now,Keller Williams Legacy Group Realty,"[object Object],[object Object],[object Object],[object Object],[object Object],[object Object],[object Object],[object Object],[object Object],[object Object],[object Object],[object Object],[object Object],[object Object],[object Object],[object Object],[object Object],[object Object],[object Object],[object Object],[object Object],[object Object],[object Object],[object Object],[object Object],[object Object],[object Object],[object Object],[object Object],[object Object],[object Object],[object Object],[object Object],[object Object],[object Object],[object Object],[object Object],[object Object],[object Object],[object Object],[object Object],[object Object],[object Object],[object Object],[object Object],[object Object],[object Object],[object Object],[object Object],[object Object]"
35198862,35198862,ForSale,For Sale by Agent,https://photos.zillowstatic.com/fp/57c07b7f727576be24d9cc2f7a1cb5ec-p_e.jpg,true,https://www.zillow.com/homedetails/1233-Deville-Ave-NW-Canton-OH-44708/35198862_zpid/,FOR_SALE,House for sale,$,"$114,900",114900,"1233 Deville Ave NW, Canton, OH 44708",1233 Deville Ave NW,Canton,OH,44708,false,3,2,1346,[object Object],false,"Price cut: $5,000 (Jul 29)",priceCut,[object Object],false,false,false,ForSale,For Sale (Broker),false,false,false,false,true,false,false,true,false,Listing provided by MLS Now,Hayes Realty,"[object Object],[object Object],[object Object],[object Object],[object Object],[object Object],[object Object],[object Object],[object Object],[object Object],[object Object],[object Object],[object Object],[object Object],[object Object],[object Object],[object Object],[object Object],[object Object],[object Object],[object Object],[object Object],[object Object],[object Object],[object Object],[object Object],[object Object],[object Object],[object Object],[object Object],[object Object]"
35286448,35286448,ForSale,For Sale by Agent,https://photos.zillowstatic.com/fp/02ebb755415be4ada500e63e021ed850-p_e.jpg,true,https://www.zillow.com/homedetails/2240-39th-St-NW-Canton-OH-44709/35286448_zpid/,FOR_SALE,House for sale,$,"$154,900",154900,"2240 39th St NW, Canton, OH 44709",2240 39th St NW,Canton,OH,44709,false,3,2,1380,[object Object],false,3 days on Zillow,daysOnZillow,[object Object],false,false,false,ForSale,For Sale (Broker),false,false,false,false,true,false,false,true,false,,Howard Hanna,"[object Object],[object Object],[object Object],[object Object],[object Object],[object Object],[object Object],[object Object],[object Object],[object Object],[object Object],[object Object],[object Object],[object Object],[object Object],[object Object],[object Object],[object Object],[object Object],[object Object],[object Object],[object Object],[object Object],[object Object],[object Object]"
35270300,35270300,ForSale,For Sale by Agent,https://photos.zillowstatic.com/fp/4dc6399388a568d1e18037b2efe08d86-p_e.jpg,true,https://www.zillow.com/homedetails/1621-Corrib-Ave-NW-Canton-OH-44708/35270300_zpid/,FOR_SALE,House for sale,$,"$235,000",235000,"1621 Corrib Ave NW, Canton, OH 44708",1621 Corrib Ave NW,Canton,OH,44708,false,5,3,,[object Object],false,2 days on Zillow,daysOnZillow,[object Object],false,false,false,ForSale,For Sale (Broker),false,false,false,false,true,false,false,true,false,,Howard Hanna,"[object Object],[object Object],[object Object],[object Object],[object Object],[object Object],[object Object],[object Object],[object Object],[object Object],[object Object],[object Object],[object Object],[object Object],[object Object],[object Object],[object Object],[object Object],[object Object],[object Object],[object Object],[object Object],[object Object],[object Object],[object Object],[object Object],[object Object],[object Object]"
35272265,35272265,ForSale,For Sale by Agent,https://photos.zillowstatic.com/fp/24ae465b5af31f4512e27b85c0016f4f-p_e.jpg,true,https://www.zillow.com/homedetails/525-Overdale-Ave-NW-Canton-OH-44708/35272265_zpid/,FOR_SALE,House for sale,$,"$309,900",309900,"525 Overdale Ave NW, Canton, OH 44708",525 Overdale Ave NW,Canton,OH,44708,false,5,3,2392,[object Object],false,22 hours ago,timeOnInfo,[object Object],false,false,false,ForSale,For Sale (Broker),false,false,false,false,true,false,false,true,false,Listing provided by MLS Now,Keller Williams Legacy Group Realty,"[object Object],[object Object],[object Object],[object Object],[object Object],[object Object],[object Object],[object Object],[object Object],[object Object],[object Object],[object Object],[object Object],[object Object],[object Object],[object Object],[object Object],[object Object],[object Object],[object Object],[object Object],[object Object],[object Object],[object Object],[object Object],[object Object],[object Object],[object Object]"
35283999,35283999,ForSale,For Sale by Agent,https://photos.zillowstatic.com/fp/7ab3be0297593b3b552df5a59abd0c9a-p_e.jpg,true,https://www.zillow.com/homedetails/2560-Aspen-St-NE-Canton-OH-44721/35283999_zpid/,FOR_SALE,House for sale,$,"$274,000",274000,"2560 Aspen St NE, Canton, OH 44721",2560 Aspen St NE,Canton,OH,44721,false,3,2,2074,[object Object],false,8 days on Zillow,daysOnZillow,[object Object],false,false,false,ForSale,For Sale (Broker),false,false,false,false,true,false,false,true,false,Listing provided by MLS Now,Keller Williams Legacy Group Realty,"[object Object],[object Object],[object Object],[object Object],[object Object],[object Object],[object Object],[object Object],[object Object],[object Object],[object Object],[object Object],[object Object],[object Object],[object Object],[object Object],[object Object],[object Object],[object Object],[object Object],[object Object],[object Object],[object Object],[object Object],[object Object],[object Object],[object Object],[object Object],[object Object],[object Object],[object Object],[object Object],[object Object],[object Object],[object Object]"
35213022,35213022,ForSale,For Sale by Agent,https://photos.zillowstatic.com/fp/dd8d062c55f83f54f5d08d18390c0fc6-p_e.jpg,true,https://www.zillow.com/homedetails/221-47th-St-NW-Canton-OH-44709/35213022_zpid/,FOR_SALE,House for sale,$,"$435,000",435000,"221 47th St NW, Canton, OH 44709",221 47th St NW,Canton,OH,44709,false,5,4,3012,[object Object],false,8 days on Zillow,daysOnZillow,[object Object],false,false,false,ForSale,For Sale (Broker),false,false,false,false,true,false,false,true,false,,Howard Hanna,"[object Object],[object Object],[object Object],[object Object],[object Object],[object Object],[object Object],[object Object],[object Object],[object Object],[object Object],[object Object],[object Object],[object Object],[object Object],[object Object],[object Object],[object Object],[object Object],[object Object],[object Object],[object Object],[object Object],[object Object],[object Object],[object Object],[object Object],[object Object],[object Object],[object Object],[object Object],[object Object],[object Object],[object Object],[object Object],[object Object],[object Object],[object Object],[object Object],[object Object],[object Object],[object Object],[object Object],[object Object],[object Object],[object Object]"
35231525,35231525,ForSale,For Sale by Agent,https://photos.zillowstatic.com/fp/03d63c2fdf00394c11bfd49296b0c9b9-p_e.jpg,true,https://www.zillow.com/homedetails/1441-Harbor-Dr-NW-Canton-OH-44708/35231525_zpid/,FOR_SALE,Condo for sale,$,"$249,900",249900,"1441 Harbor Dr NW, Canton, OH 44708",1441 Harbor Dr NW,Canton,OH,44708,false,3,2,1254,[object Object],false,6 days on Zillow,daysOnZillow,[object Object],false,false,false,ForSale,For Sale (Broker),false,false,false,false,true,false,false,true,false,Listing provided by MLS Now,McDowell Homes Real Estate Services,"[object Object],[object Object],[object Object],[object Object],[object Object],[object Object],[object Object],[object Object],[object Object],[object Object],[object Object],[object Object],[object Object],[object Object],[object Object],[object Object],[object Object],[object Object],[object Object],[object Object],[object Object],[object Object],[object Object],[object Object],[object Object],[object Object],[object Object],[object Object],[object Object],[object Object],[object Object],[object Object],[object Object],[object Object],[object Object],[object Object]"
111645503,111645503,ForSale,For Sale by Agent,https://photos.zillowstatic.com/fp/418761b209e28445bce1a83f718174ce-p_e.jpg,true,https://www.zillow.com/homedetails/3356-Huntcliffe-Rd-NE-Canton-OH-44721/111645503_zpid/,FOR_SALE,House for sale,$,"$540,000",540000,"3356 Huntcliffe Rd NE, Canton, OH 44721",3356 Huntcliffe Rd NE,Canton,OH,44721,false,3,3,2382,[object Object],false,4 days on Zillow,daysOnZillow,[object Object],false,false,false,ForSale,For Sale (Broker),false,false,false,false,true,false,false,true,false,Listing provided by MLS Now,Century 21 DeAnna Realty,"[object Object],[object Object],[object Object],[object Object],[object Object],[object Object],[object Object],[object Object],[object Object],[object Object],[object Object],[object Object],[object Object],[object Object],[object Object],[object Object],[object Object],[object Object],[object Object],[object Object],[object Object],[object Object],[object Object],[object Object],[object Object],[object Object],[object Object],[object Object],[object Object],[object Object],[object Object],[object Object],[object Object],[object Object],[object Object],[object Object],[object Object],[object Object],[object Object],[object Object],[object Object],[object Object],[object Object],[object Object],[object Object],[object Object],[object Object],[object Object],[object Object],[object Object]"
35283716,35283716,ForSale,For Sale by Agent,https://photos.zillowstatic.com/fp/e903809d7da2f489409ba9cfa43058f0-p_e.jpg,true,https://www.zillow.com/homedetails/2430-Midvale-Rd-NW-Canton-OH-44708/35283716_zpid/,FOR_SALE,House for sale,$,"$250,000",250000,"2430 Midvale Rd NW, Canton, OH 44708",2430 Midvale Rd NW,Canton,OH,44708,false,4,2,2778,[object Object],false,8 days on Zillow,daysOnZillow,[object Object],false,false,false,ForSale,For Sale (Broker),false,false,false,false,true,false,false,true,false,Listing provided by MLS Now,Team Results Realty,"[object Object],[object Object],[object Object],[object Object],[object Object],[object Object],[object Object],[object Object],[object Object],[object Object],[object Object],[object Object],[object Object],[object Object],[object Object],[object Object],[object Object],[object Object],[object Object],[object Object],[object Object],[object Object],[object Object],[object Object],[object Object],[object Object],[object Object],[object Object],[object Object],[object Object],[object Object],[object Object],[object Object],[object Object],[object Object],[object Object],[object Object],[object Object],[object Object],[object Object],[object Object],[object Object],[object Object],[object Object],[object Object]"
35234738,35234738,ForSale,For Sale by Agent,https://photos.zillowstatic.com/fp/5704923045b0c6cd872387112b6bd2e4-p_e.jpg,true,https://www.zillow.com/homedetails/6201-Oakcrest-Ave-NW-Canton-OH-44718/35234738_zpid/,FOR_SALE,House for sale,$,"$230,000",230000,"6201 Oakcrest Ave NW, Canton, OH 44718",6201 Oakcrest Ave NW,Canton,OH,44718,false,3,2,1644,[object Object],false,"Price cut: $19,900 (Jul 02)",priceCut,[object Object],false,false,false,ForSale,For Sale (Broker),false,false,false,false,true,false,false,true,false,Listing provided by MLS Now,Liberty Home Services and Real Estate LLC,"[object Object],[object Object],[object Object],[object Object],[object Object],[object Object],[object Object],[object Object],[object Object],[object Object],[object Object],[object Object],[object Object],[object Object],[object Object],[object Object],[object Object],[object Object],[object Object],[object Object],[object Object],[object Object]"
35208096,35208096,ForSale,For Sale by Agent,https://photos.zillowstatic.com/fp/cc40ea98d3e6e8475c3068c5b5ae1485-p_e.jpg,true,https://www.zillow.com/homedetails/707-Harrison-Ave-SW-Canton-OH-44706/35208096_zpid/,FOR_SALE,House for sale,$,"$99,000",99000,"707 Harrison Ave SW, Canton, OH 44706",707 Harrison Ave SW,Canton,OH,44706,false,3,2,3540,[object Object],false,10 days on Zillow,daysOnZillow,[object Object],false,false,false,ForSale,For Sale (Broker),false,false,false,false,true,false,false,true,false,Listing provided by MLS Now,RE/MAX Traditions,"[object Object],[object Object],[object Object],[object Object],[object Object],[object Object],[object Object],[object Object],[object Object],[object Object],[object Object],[object Object],[object Object],[object Object],[object Object],[object Object],[object Object],[object Object],[object Object],[object Object],[object Object],[object Object],[object Object],[object Object],[object Object],[object Object],[object Object]"
35283285,35283285,ForSale,RecentChange,https://photos.zillowstatic.com/fp/e6c3fb6196bd33e9c72bcddac00447f2-p_e.jpg,true,https://www.zillow.com/homedetails/1206-Bellview-St-NE-Canton-OH-44721/35283285_zpid/,FOR_SALE,Foreclosure,$,"$100,000",100000,"1206 Bellview St NE, Canton, OH 44721",1206 Bellview St NE,Canton,OH,44721,false,3,2,,[object Object],false,11 days on Zillow,daysOnZillow,[object Object],false,false,false,ForSale,Foreclosure,false,false,false,false,true,false,false,true,false,Listing provided by MLS Now,"Rosen & Co., Inc.","[object Object],[object Object]"
35239585,35239585,ForSale,For Sale by Agent,https://photos.zillowstatic.com/fp/525b2069c833788f103466886a48759a-p_e.jpg,true,https://www.zillow.com/homedetails/6361-Bayside-St-NW-Canton-OH-44718/35239585_zpid/,FOR_SALE,House for sale,$,"$315,000",315000,"6361 Bayside St NW, Canton, OH 44718",6361 Bayside St NW,Canton,OH,44718,false,3,3,,[object Object],false,Open: Sat 1-3pm,openHouse,[object Object],false,false,false,ForSale,For Sale (Broker),false,false,false,false,true,false,false,true,false,Listing provided by MLS Now,Coldwell Banker Schmidt Realty,"[object Object],[object Object],[object Object],[object Object],[object Object],[object Object],[object Object],[object Object],[object Object],[object Object],[object Object],[object Object],[object Object],[object Object],[object Object],[object Object],[object Object],[object Object],[object Object],[object Object],[object Object],[object Object],[object Object],[object Object],[object Object],[object Object],[object Object],[object Object],[object Object],[object Object],[object Object],[object Object],[object Object],[object Object],[object Object],[object Object],[object Object]"
35275297,35275297,ForSale,For Sale by Agent,https://photos.zillowstatic.com/fp/a4359e565c2c48f897c32c91114b076f-p_e.jpg,true,https://www.zillow.com/homedetails/629-Meadowridge-Ave-NW-Canton-OH-44708/35275297_zpid/,FOR_SALE,House for sale,$,"$325,000",325000,"629 Meadowridge Ave NW, Canton, OH 44708",629 Meadowridge Ave NW,Canton,OH,44708,false,3,2,1785,[object Object],false,2 days on Zillow,daysOnZillow,[object Object],false,false,false,ForSale,For Sale (Broker),false,false,false,false,true,false,false,true,false,Listing provided by MLS Now,Whipple Auction & Realty Inc,"[object Object],[object Object],[object Object],[object Object],[object Object],[object Object],[object Object],[object Object],[object Object],[object Object],[object Object],[object Object],[object Object],[object Object],[object Object],[object Object],[object Object],[object Object],[object Object],[object Object],[object Object],[object Object],[object Object],[object Object],[object Object],[object Object],[object Object],[object Object],[object Object],[object Object],[object Object],[object Object],[object Object],[object Object],[object Object],[object Object],[object Object],[object Object]"
35243598,35243598,ForSale,For Sale by Agent,https://photos.zillowstatic.com/fp/7ffffd3aa2da489d26b0eb6e2d607b34-p_e.jpg,true,https://www.zillow.com/homedetails/2023-State-St-NE-Canton-OH-44721/35243598_zpid/,FOR_SALE,House for sale,$,"$260,000",260000,"2023 State St NE, Canton, OH 44721",2023 State St NE,Canton,OH,44721,false,4,2,1838,[object Object],false,"Price cut: $15,000 (Jul 16)",priceCut,[object Object],false,false,false,ForSale,For Sale (Broker),false,false,false,false,true,false,false,true,false,Listing provided by MLS Now,"EXP Realty, LLC.","[object Object],[object Object],[object Object],[object Object],[object Object],[object Object],[object Object],[object Object],[object Object],[object Object],[object Object],[object Object],[object Object],[object Object],[object Object],[object Object],[object Object],[object Object],[object Object],[object Object],[object Object],[object Object],[object Object],[object Object],[object Object],[object Object],[object Object],[object Object],[object Object],[object Object],[object Object],[object Object]"
82680887,82680887,ForSale,For Sale by Agent,https://photos.zillowstatic.com/fp/e8f3098b95c0289e578c1c7e2273157b-p_e.jpg,true,https://www.zillow.com/homedetails/400-Eastwood-St-NW-Canton-OH-44709/82680887_zpid/,FOR_SALE,House for sale,$,"$349,900",349900,"400 Eastwood St NW, Canton, OH 44709",400 Eastwood St NW,Canton,OH,44709,false,3,4,1992,[object Object],false,4 days on Zillow,daysOnZillow,[object Object],false,false,false,ForSale,For Sale (Broker),false,false,false,false,true,false,false,true,false,Listing provided by MLS Now,Kiko,"[object Object],[object Object],[object Object],[object Object],[object Object],[object Object],[object Object],[object Object],[object Object],[object Object],[object Object],[object Object],[object Object],[object Object],[object Object],[object Object],[object Object],[object Object],[object Object],[object Object],[object Object],[object Object],[object Object],[object Object],[object Object],[object Object],[object Object],[object Object],[object Object],[object Object],[object Object],[object Object]"
70073364,70073364,ForSale,For Sale by Agent,https://photos.zillowstatic.com/fp/d8ed562c5b9ca13adbdb6abad37bb2d9-p_e.jpg,true,https://www.zillow.com/homedetails/2770-Vicksburg-Ave-NW-Canton-OH-44708/70073364_zpid/,FOR_SALE,House for sale,$,"$399,900",399900,"2770 Vicksburg Ave NW, Canton, OH 44708",2770 Vicksburg Ave NW,Canton,OH,44708,false,3,2,2058,[object Object],false,8 days on Zillow,daysOnZillow,[object Object],false,false,false,ForSale,For Sale (Broker),false,false,false,false,true,false,false,true,false,Listing provided by MLS Now,Keller Williams Legacy Group Realty,"[object Object],[object Object],[object Object],[object Object],[object Object],[object Object],[object Object],[object Object],[object Object],[object Object],[object Object],[object Object],[object Object],[object Object],[object Object],[object Object],[object Object],[object Object],[object Object],[object Object],[object Object],[object Object],[object Object],[object Object],[object Object],[object Object],[object Object],[object Object]"
35284498,35284498,ForSale,RecentChange,https://photos.zillowstatic.com/fp/ba797c191d4459b23edaadfae86af7a5-p_e.jpg,true,https://www.zillow.com/homedetails/1607-33rd-St-NE-Canton-OH-44714/35284498_zpid/,FOR_SALE,Auction,$,$0,0,"1607 33rd St NE, Canton, OH 44714",1607 33rd St NE,Canton,OH,44714,false,3,1,1170,[object Object],false,22 hours ago,timeOnInfo,[object Object],false,false,false,ForSale,RecentChange,false,false,false,false,true,false,false,true,false,Listing provided by MLS Now,Kiko,"[object Object],[object Object],[object Object],[object Object],[object Object],[object Object],[object Object],[object Object],[object Object],[object Object],[object Object],[object Object],[object Object],[object Object],[object Object],[object Object],[object Object],[object Object]"
35271551,35271551,ForSale,For Sale by Agent,https://photos.zillowstatic.com/fp/6f3d730497b952f010615f1cb88cb918-p_e.jpg,true,https://www.zillow.com/homedetails/1627-Woodlawn-Ave-NW-Canton-OH-44708/35271551_zpid/,FOR_SALE,House for sale,$,"$184,900",184900,"1627 Woodlawn Ave NW, Canton, OH 44708",1627 Woodlawn Ave NW,Canton,OH,44708,false,3,1,,[object Object],false,4 days on Zillow,daysOnZillow,[object Object],false,false,false,ForSale,For Sale (Broker),false,false,false,false,true,false,false,true,false,Listing provided by MLS Now,Keller Williams Legacy Group Realty,"[object Object],[object Object],[object Object],[object Object],[object Object],[object Object],[object Object],[object Object],[object Object],[object Object],[object Object],[object Object]"
35274294,35274294,ForSale,For Sale by Agent,https://photos.zillowstatic.com/fp/89aa331503ec0e107379026499b0e1bb-p_e.jpg,true,https://www.zillow.com/homedetails/635-Manor-Ave-NW-Canton-OH-44708/35274294_zpid/,FOR_SALE,House for sale,$,"$164,900",164900,"635 Manor Ave NW, Canton, OH 44708",635 Manor Ave NW,Canton,OH,44708,false,2,1,1311,[object Object],false,"Price cut: $5,000 (Jul 30)",priceCut,[object Object],false,false,false,ForSale,For Sale (Broker),false,false,false,false,true,false,false,true,false,Listing provided by MLS Now,Keller Williams Legacy Group Realty,"[object Object],[object Object],[object Object],[object Object],[object Object],[object Object],[object Object],[object Object],[object Object],[object Object],[object Object],[object Object],[object Object],[object Object],[object Object],[object Object],[object Object],[object Object],[object Object],[object Object],[object Object],[object Object],[object Object],[object Object],[object Object]"
35268621,35268621,ForSale,For Sale by Agent,https://photos.zillowstatic.com/fp/8093787e0d0348291b17fe7e35ed0bf2-p_e.jpg,true,https://www.zillow.com/homedetails/5005-Fohl-St-SW-Canton-OH-44706/35268621_zpid/,FOR_SALE,House for sale,$,"$399,900",399900,"5005 Fohl St SW, Canton, OH 44706",5005 Fohl St SW,Canton,OH,44706,false,4,3,3327,[object Object],false,"Price cut: $19,100 (Jul 29)",priceCut,[object Object],false,false,false,ForSale,For Sale (Broker),false,false,false,false,true,false,false,true,false,Listing provided by MLS Now,Keller Williams Elevate,"[object Object],[object Object],[object Object],[object Object],[object Object],[object Object],[object Object],[object Object],[object Object],[object Object],[object Object],[object Object],[object Object],[object Object],[object Object],[object Object],[object Object],[object Object],[object Object],[object Object],[object Object],[object Object],[object Object],[object Object],[object Object],[object Object],[object Object],[object Object],[object Object],[object Object],[object Object],[object Object],[object Object],[object Object],[object Object],[object Object],[object Object],[object Object]"
35191453,35191453,ForSale,For Sale by Agent,https://photos.zillowstatic.com/fp/67d31232395430daf20da234ee5c6efd-p_e.jpg,true,https://www.zillow.com/homedetails/1449-Housel-Ave-SE-Canton-OH-44707/35191453_zpid/,FOR_SALE,House for sale,$,"$110,000",110000,"1449 Housel Ave SE, Canton, OH 44707",1449 Housel Ave SE,Canton,OH,44707,false,3,1,,[object Object],false,2 days on Zillow,daysOnZillow,[object Object],false,false,false,ForSale,For Sale (Broker),false,false,false,false,true,false,false,true,false,Listing provided by MLS Now,DeHOFF REALTORS,"[object Object],[object Object],[object Object],[object Object],[object Object],[object Object],[object Object],[object Object],[object Object],[object Object],[object Object],[object Object]"
35214121,35214121,ForSale,RecentChange,https://photos.zillowstatic.com/fp/c353034fca10c8a6bc9218371f9bba1f-p_e.jpg,true,https://www.zillow.com/homedetails/4514-Plain-Center-Ave-NE-Canton-OH-44714/35214121_zpid/,FOR_SALE,Auction,$,$0,0,"4514 Plain Center Ave NE, Canton, OH 44714",4514 Plain Center Ave NE,Canton,OH,44714,false,4,3,2560,[object Object],false,8 days on Zillow,daysOnZillow,[object Object],false,false,false,ForSale,RecentChange,false,false,false,false,true,false,false,true,false,Listing provided by MLS Now,Kiko,"[object Object],[object Object],[object Object],[object Object],[object Object],[object Object],[object Object],[object Object],[object Object],[object Object],[object Object],[object Object],[object Object],[object Object],[object Object],[object Object],[object Object],[object Object],[object Object],[object Object],[object Object],[object Object],[object Object],[object Object],[object Object],[object Object],[object Object],[object Object],[object Object],[object Object]"
111645207,111645207,ForSale,For Sale by Agent,https://photos.zillowstatic.com/fp/a7b9e1ad28eea21ee08c45756c3b8e58-p_e.jpg,true,https://www.zillow.com/homedetails/3201-Cloverhurst-St-NE-Canton-OH-44721/111645207_zpid/,FOR_SALE,House for sale,$,"$439,000",439000,"3201 Cloverhurst St NE, Canton, OH 44721",3201 Cloverhurst St NE,Canton,OH,44721,false,4,3,4826,[object Object],false,"Price cut: $6,000 (Jul 29)",priceCut,[object Object],false,false,false,ForSale,For Sale (Broker),false,false,false,false,true,false,false,true,false,Listing provided by MLS Now,"Icon Real Estate Services, LLC","[object Object],[object Object],[object Object],[object Object],[object Object],[object Object],[object Object],[object Object],[object Object],[object Object],[object Object],[object Object],[object Object],[object Object],[object Object],[object Object],[object Object],[object Object],[object Object],[object Object],[object Object],[object Object],[object Object],[object Object],[object Object],[object Object],[object Object],[object Object],[object Object],[object Object],[object Object],[object Object],[object Object],[object Object],[object Object]"
50906131,50906131,ForSale,For Sale by Agent,https://photos.zillowstatic.com/fp/6f4667f49cf7397dfa173a2a1b01cfbf-p_e.jpg,true,https://www.zillow.com/homedetails/150-46th-St-SW-Canton-OH-44706/50906131_zpid/,FOR_SALE,House for sale,$,"$210,000",210000,"150 46th St SW, Canton, OH 44706",150 46th St SW,Canton,OH,44706,false,4,2,1646,[object Object],false,"Price cut: $3,000 (Jul 30)",priceCut,[object Object],false,false,false,ForSale,For Sale (Broker),false,false,false,false,true,false,false,true,false,Listing provided by MLS Now,"Ohio Property Group, LLC","[object Object],[object Object],[object Object],[object Object],[object Object],[object Object],[object Object],[object Object],[object Object],[object Object],[object Object],[object Object]"
35231930,35231930,ForSale,For Sale by Agent,https://photos.zillowstatic.com/fp/468368470f6d28bd82a466fa3ba21496-p_e.jpg,true,https://www.zillow.com/homedetails/6205-Lake-O-Springs-Ave-NW-Canton-OH-44718/35231930_zpid/,FOR_SALE,House for sale,$,"$274,900",274900,"6205 Lake O Springs Ave NW, Canton, OH 44718",6205 Lake O Springs Ave NW,Canton,OH,44718,false,4,2,2173,[object Object],false,41 days on Zillow,daysOnZillow,[object Object],false,false,false,ForSale,For Sale (Broker),false,false,false,false,true,false,false,true,false,Listing provided by MLS Now,RE/MAX Infinity,"[object Object],[object Object],[object Object],[object Object],[object Object],[object Object],[object Object],[object Object],[object Object],[object Object],[object Object],[object Object],[object Object],[object Object],[object Object],[object Object],[object Object],[object Object],[object Object],[object Object],[object Object],[object Object],[object Object],[object Object],[object Object],[object Object],[object Object],[object Object],[object Object],[object Object],[object Object],[object Object]"
35285467,35285467,ForSale,RecentChange,https://photos.zillowstatic.com/fp/c0ead017c760434736ea202f5b0d0a89-p_e.jpg,true,https://www.zillow.com/homedetails/2955-Blake-Ave-NW-Canton-OH-44718/35285467_zpid/,FOR_SALE,Foreclosure,$,"$120,000",120000,"2955 Blake Ave NW, Canton, OH 44718",2955 Blake Ave NW,Canton,OH,44718,false,3,3,,[object Object],false,17 days on Zillow,daysOnZillow,[object Object],false,false,false,ForSale,Foreclosure,false,false,false,false,true,false,false,true,false,Listing provided by MLS Now,"Rosen & Co., Inc.","[object Object],[object Object],[object Object],[object Object]"
35207081,35207081,ForSale,For Sale by Agent,https://photos.zillowstatic.com/fp/0bd31b7e128a3cfdf709e5072e0da2f3-p_e.jpg,true,https://www.zillow.com/homedetails/2112-16th-St-NE-Canton-OH-44705/35207081_zpid/,FOR_SALE,House for sale,$,"$79,900",79900,"2112 16th St NE, Canton, OH 44705",2112 16th St NE,Canton,OH,44705,false,3,1,1771,[object Object],false,7 days on Zillow,daysOnZillow,[object Object],false,false,false,ForSale,For Sale (Broker),false,false,false,false,true,false,false,true,false,Listing provided by MLS Now,RE/MAX Trends Realty,"[object Object],[object Object],[object Object],[object Object],[object Object],[object Object],[object Object],[object Object],[object Object],[object Object],[object Object],[object Object],[object Object],[object Object],[object Object],[object Object],[object Object],[object Object],[object Object],[object Object],[object Object],[object Object],[object Object],[object Object],[object Object],[object Object],[object Object],[object Object],[object Object],[object Object],[object Object],[object Object],[object Object],[object Object]"
35195002,35195002,ForSale,For Sale by Agent,https://photos.zillowstatic.com/fp/0efe9fdf39ee600f84d4beb5f19b03be-p_e.jpg,true,https://www.zillow.com/homedetails/1425-Crescent-Rd-SW-Canton-OH-44710/35195002_zpid/,FOR_SALE,House for sale,$,"$130,000",130000,"1425 Crescent Rd SW, Canton, OH 44710",1425 Crescent Rd SW,Canton,OH,44710,false,3,2,1260,[object Object],false,2 days on Zillow,daysOnZillow,[object Object],false,false,false,ForSale,For Sale (Broker),false,false,false,false,true,false,false,true,false,Listing provided by MLS Now,Cutler Real Estate,"[object Object],[object Object],[object Object],[object Object],[object Object],[object Object],[object Object],[object Object],[object Object],[object Object],[object Object],[object Object],[object Object],[object Object],[object Object],[object Object],[object Object],[object Object],[object Object],[object Object],[object Object],[object Object]"
121262557,121262557,ForSale,For Sale by Agent,https://photos.zillowstatic.com/fp/20c8df21d098c3669e6f25a19b17fd25-p_e.jpg,true,https://www.zillow.com/homedetails/6267-Swan-Lake-Cir-NW-Canton-OH-44718/121262557_zpid/,FOR_SALE,House for sale,$,"$600,000",600000,"6267 Swan Lake Cir NW, Canton, OH 44718",6267 Swan Lake Cir NW,Canton,OH,44718,false,3,4,4143,[object Object],false,7 days on Zillow,daysOnZillow,[object Object],false,false,false,ForSale,For Sale (Broker),false,false,false,false,true,false,false,true,false,Listing provided by MLS Now,Keller Williams Legacy Group Realty,"[object Object],[object Object],[object Object],[object Object],[object Object],[object Object],[object Object],[object Object],[object Object],[object Object],[object Object],[object Object],[object Object],[object Object],[object Object],[object Object],[object Object],[object Object],[object Object],[object Object],[object Object],[object Object],[object Object],[object Object],[object Object],[object Object],[object Object],[object Object],[object Object],[object Object],[object Object],[object Object],[object Object],[object Object],[object Object],[object Object]"
35270766,35270766,ForSale,For Sale by Agent,https://photos.zillowstatic.com/fp/a928b3ee29df6bb4072de52afda63e4c-p_e.jpg,true,https://www.zillow.com/homedetails/4606-4th-St-NW-Canton-OH-44708/35270766_zpid/,FOR_SALE,House for sale,$,"$144,000",144000,"4606 4th St NW, Canton, OH 44708",4606 4th St NW,Canton,OH,44708,false,3,2,1368,[object Object],false,"Price cut: $10,000 (Jul 26)",priceCut,[object Object],false,false,false,ForSale,For Sale (Broker),false,false,false,false,true,false,false,true,false,Listing provided by MLS Now,Keller Williams Legacy Group Realty,"[object Object],[object Object],[object Object],[object Object],[object Object],[object Object],[object Object],[object Object],[object Object],[object Object],[object Object],[object Object],[object Object],[object Object],[object Object],[object Object],[object Object],[object Object],[object Object],[object Object],[object Object],[object Object],[object Object],[object Object],[object Object],[object Object],[object Object],[object Object],[object Object]"
35277232,35277232,ForSale,For Sale by Agent,https://photos.zillowstatic.com/fp/493815dca9b36671f5e186582c2aeb4b-p_e.jpg,true,https://www.zillow.com/homedetails/4722-Navarre-Rd-SW-Canton-OH-44706/35277232_zpid/,FOR_SALE,House for sale,$,"$100,000",100000,"4722 Navarre Rd SW, Canton, OH 44706",4722 Navarre Rd SW,Canton,OH,44706,false,3,1,1410,[object Object],false,17 days on Zillow,daysOnZillow,[object Object],false,false,false,ForSale,For Sale (Broker),false,false,false,false,true,false,false,true,false,Listing provided by MLS Now,Hackenberg Realty Group,"[object Object],[object Object],[object Object],[object Object],[object Object],[object Object],[object Object],[object Object],[object Object],[object Object],[object Object],[object Object]"
35212494,35212494,ForSale,For Sale by Agent,https://photos.zillowstatic.com/fp/ee74434296b6c184b5e95fdd1d8dde79-p_e.jpg,true,https://www.zillow.com/homedetails/625-37th-St-NW-Canton-OH-44709/35212494_zpid/,FOR_SALE,House for sale,$,"$199,900",199900,"625 37th St NW, Canton, OH 44709",625 37th St NW,Canton,OH,44709,false,3,2,1611,[object Object],false,8 days on Zillow,daysOnZillow,[object Object],false,false,false,ForSale,For Sale (Broker),false,false,false,false,true,false,false,true,false,Listing provided by MLS Now,Kiko,"[object Object],[object Object],[object Object],[object Object],[object Object],[object Object],[object Object],[object Object],[object Object],[object Object],[object Object],[object Object],[object Object],[object Object],[object Object],[object Object],[object Object],[object Object],[object Object],[object Object],[object Object],[object Object],[object Object],[object Object],[object Object],[object Object],[object Object],[object Object],[object Object],[object Object]"
87984891,87984891,ForSale,For Sale by Agent,https://photos.zillowstatic.com/fp/bc1fbbc80ebe6528770d6ad26ce90fa2-p_e.jpg,true,https://www.zillow.com/homedetails/6520-Friarsgate-Dr-NW-Canton-OH-44718/87984891_zpid/,FOR_SALE,House for sale,$,"$875,000",875000,"6520 Friarsgate Dr NW, Canton, OH 44718",6520 Friarsgate Dr NW,Canton,OH,44718,false,4,6,4966,[object Object],false,"Price cut: $110,000 (Jul 21)",priceCut,[object Object],false,false,false,ForSale,For Sale (Broker),false,false,false,false,true,false,false,true,false,Listing provided by MLS Now,DeHOFF REALTORS,"[object Object],[object Object],[object Object],[object Object],[object Object],[object Object],[object Object],[object Object],[object Object],[object Object],[object Object],[object Object],[object Object],[object Object],[object Object],[object Object],[object Object],[object Object],[object Object],[object Object],[object Object],[object Object],[object Object],[object Object],[object Object],[object Object],[object Object],[object Object],[object Object],[object Object],[object Object],[object Object],[object Object],[object Object],[object Object],[object Object],[object Object],[object Object],[object Object]"
58727044,58727044,ForSale,For Sale by Agent,https://photos.zillowstatic.com/fp/4e3f273bd5fcb50067241a9f18da674c-p_e.jpg,true,https://www.zillow.com/homedetails/1802-Southpointe-Cir-NE-Canton-OH-44714/58727044_zpid/,FOR_SALE,Condo for sale,$,"$279,000",279000,"1802 Southpointe Cir NE, Canton, OH 44714",1802 Southpointe Cir NE,Canton,OH,44714,false,3,3,,[object Object],false,4 days on Zillow,daysOnZillow,[object Object],false,false,false,ForSale,For Sale (Broker),false,false,false,false,true,false,false,true,false,Listing provided by MLS Now,Kiko,"[object Object],[object Object],[object Object],[object Object],[object Object],[object Object],[object Object],[object Object],[object Object],[object Object],[object Object],[object Object],[object Object],[object Object],[object Object],[object Object],[object Object],[object Object]"
35238551,35238551,ForSale,For Sale by Agent,https://photos.zillowstatic.com/fp/946b859a9e12abcdecc17bede1812d19-p_e.jpg,true,https://www.zillow.com/homedetails/6722-Hills-And-Dales-Rd-NW-Canton-OH-44708/35238551_zpid/,FOR_SALE,Condo for sale,$,"$129,500",129500,"6722 Hills And Dales Rd NW, Canton, OH 44708",6722 Hills And Dales Rd NW,Canton,OH,44708,false,2,2,1682,[object Object],false,"Price cut: $5,400 (Jul 29)",priceCut,[object Object],false,false,false,ForSale,For Sale (Broker),false,false,false,false,true,false,false,true,false,Listing provided by MLS Now,Keller Williams Chervenic Rlty,"[object Object],[object Object],[object Object],[object Object],[object Object],[object Object],[object Object],[object Object],[object Object],[object Object],[object Object],[object Object],[object Object],[object Object],[object Object],[object Object],[object Object],[object Object],[object Object],[object Object],[object Object],[object Object],[object Object],[object Object],[object Object],[object Object],[object Object],[object Object],[object Object],[object Object],[object Object]"
35198816,35198816,ForSale,For Sale by Agent,https://photos.zillowstatic.com/fp/986f4a819223edb03a5e0d146a50a957-p_e.jpg,true,https://www.zillow.com/homedetails/2364-Tuscarawas-St-E-Canton-OH-44707/35198816_zpid/,FOR_SALE,House for sale,$,"$92,500",92500,"2364 Tuscarawas St E, Canton, OH 44707",2364 Tuscarawas St E,Canton,OH,44707,false,3,1,1183,[object Object],false,"Price cut: $2,500 (Jul 17)",priceCut,[object Object],false,false,false,ForSale,For Sale (Broker),false,false,false,false,true,false,false,true,false,,Howard Hanna,"[object Object],[object Object],[object Object],[object Object],[object Object],[object Object],[object Object],[object Object],[object Object],[object Object],[object Object],[object Object],[object Object],[object Object],[object Object],[object Object],[object Object],[object Object],[object Object]"
35190273,35190273,ForSale,For Sale by Agent,https://photos.zillowstatic.com/fp/35a6d77ddddbe529604fff5a701d14ce-p_e.jpg,true,https://www.zillow.com/homedetails/3222-Hursh-Pl-NW-Canton-OH-44708/35190273_zpid/,FOR_SALE,House for sale,$,"$105,000",105000,"3222 Hursh Pl NW, Canton, OH 44708",3222 Hursh Pl NW,Canton,OH,44708,false,3,1,1288,[object Object],false,3 days on Zillow,daysOnZillow,[object Object],false,false,false,ForSale,For Sale (Broker),false,false,false,false,true,false,false,true,false,Listing provided by MLS Now,"EXP Realty, LLC.","[object Object],[object Object],[object Object],[object Object],[object Object],[object Object],[object Object],[object Object],[object Object],[object Object],[object Object],[object Object],[object Object],[object Object],[object Object],[object Object],[object Object],[object Object],[object Object],[object Object],[object Object],[object Object],[object Object],[object Object],[object Object]"
